BGG_OOSDC	NODE_119_length_93143_cov_27.1	Betalactone	Yes	59831	88915	29086	25	none
BGG_OOSDC	NODE_131_length_90945_cov_23.0	NAPAA	Yes	496	34551	34057	35	none
BGG_OOSDC	NODE_152_length_86490_cov_23.5	Terpene	Yes	47604	68479	20877	19	none
BGG_OOSDC	NODE_185_length_80446_cov_15.0	T3PKS	Yes	24158	65249	41093	37	none
BGG_OOSDC	NODE_2049_length_33569_cov_12.5	RRE-containing	Yes	11502	31795	20295	25	none
BGG_OOSDC	NODE_226_length_74734_cov_14.5	NAGGN	Yes	38410	53179	14771	12	none
BGG_OOSDC	NODE_243_length_73055_cov_12.8	Lanthipeptide-class-ii	Yes	29527	52595	23070	16	none
BGG_OOSDC	NODE_249_length_72912_cov_126.8	T3PKS	Yes	4766	45851	41087	41	none
BGG_OOSDC	NODE_285_length_70459_cov_16.2	Terpene	Yes	26682	48444	21764	17	none
BGG_OOSDC	NODE_291_length_69960_cov_26.8	T3PKS	Yes	12643	53698	41057	58	none
BGG_OOSDC	NODE_2_length_293202_cov_14.5	T1PKS	Yes	225689	273299	47612	55	none
BGG_OOSDC	NODE_323_length_67748_cov_39.0	NRPS-like	Yes	4545	47220	42677	41	none
BGG_OOSDC	NODE_327_length_67524_cov_17.1	Terpene	Yes	32779	54549	21772	15	none
BGG_OOSDC	NODE_358_length_65759_cov_85.0	Redox-cofactor	Yes	10380	32683	22305	22	none
BGG_OOSDC	NODE_43_length_121498_cov_23.8	Redox-cofactor	Yes	54969	77090	22123	25	none
BGG_OOSDC	NODE_44_length_121316_cov_18.3	T3PKS	Yes	28072	69169	41099	38	none
BGG_OOSDC	NODE_45_length_121132_cov_31.7	Acyl_amino_acids	Yes	59952	121016	61066	53	none
BGG_OOSDC	NODE_5842_length_20018_cov_10.8	NRPS-like	Yes	11	20016	20007	13	none
BGG_OOSDC	NODE_5988_length_19744_cov_12.3	NRPS-like	Yes	48	19735	19689	8	none
BGG_OOSDC	NODE_60_length_109868_cov_16.7	NRPS-like	Yes	56596	100117	43523	35	none
BGG_OOSDC	NODE_643_length_53090_cov_19.2	NAPAA	Yes	540	34397	33859	28	none
BGG_OOSDC	NODE_67_length_106744_cov_23.0	RRE-containing	Yes	79693	100013	20322	14	none
BGG_OOSDC	NODE_75_length_105217_cov_18.2	Terpene	Yes	31211	53244	22035	18	none
BGG_OOSDC	NODE_778_length_50089_cov_32.1	Redox-cofactor	Yes	14405	36681	22278	18	none
BGG_OOSDC	NODE_936_length_47303_cov_14.0	T3PKS	Yes	4961	46040	41081	33	none
BGG_OOSDC	NODE_945_length_47127_cov_17.2	Betalactone	Yes	10808	35885	25079	21	none
BGG_QOSDA	NODE_1004_length_83517_cov_44.2	NRPS-like	Yes	25306	67879	42575	38	none
BGG_QOSDA	NODE_1030_length_81955_cov_42.2	T3PKS	Yes	3329	44441	41114	34	none
BGG_QOSDA	NODE_1068_length_80037_cov_25.2	Betalactone	Yes	6064	38185	32123	28	none
BGG_QOSDA	NODE_1094_length_79235_cov_322.6	RRE-containing	Yes	54679	75113	20436	11	none
BGG_QOSDA	NODE_10_length_594651_cov_68.7	Lassopeptide	Yes	318699	346705	28008	29	none
BGG_QOSDA	NODE_1103_length_78887_cov_46.2	Ladderane	Yes	37280	78464	41186	36	none
BGG_QOSDA	NODE_1117_length_78416_cov_41.9	Terpene	Yes	31339	58576	27239	27	none
BGG_QOSDA	NODE_112_length_275607_cov_26.9	RRE-containing	Yes	78479	98739	20262	16	none
BGG_QOSDA	NODE_113_length_275520_cov_55.4	Thioamitides	Yes	145145	167018	21875	23	none
BGG_QOSDA	NODE_1188_length_75653_cov_42.8	RRE-containing	Yes	4038	24343	20307	18	none
BGG_QOSDA	NODE_1210_length_74692_cov_24.6	Terpene	Yes	40181	61359	21180	17	none
BGG_QOSDA	NODE_1211_length_74657_cov_95.1	Arylpolyene	Yes	3072	44310	41240	35	none
BGG_QOSDA	NODE_125_length_256892_cov_78.5	NRPS	Yes	119621	163517	43898	33	none
BGG_QOSDA	NODE_1264_length_72914_cov_28.8	RRE-containing	Yes	4965	25213	20250	17	none
BGG_QOSDA	NODE_127_length_253623_cov_31.8	NRPS-like	Yes	155999	198587	42590	36	none
BGG_QOSDA	NODE_132_length_246230_cov_65.3	Cyclic-lactone-autoinducer	Yes	81592	102378	20788	21	none
BGG_QOSDA	NODE_1348_length_70080_cov_24.5	Terpene	Yes	16359	38340	21983	17	none
BGG_QOSDA	NODE_1363_length_69502_cov_45.2	T1PKS	Yes	17144	64697	47555	44	none
BGG_QOSDA	NODE_1365_length_69391_cov_320.5	Terpene	Yes	24831	46665	21836	15	none
BGG_QOSDA	NODE_13_length_584447_cov_216.3	Ranthipeptide	Yes	524282	549815	25535	41	none
BGG_QOSDA	NODE_1407_length_67495_cov_72.3	NRPS	Yes	23974	67195	43223	37	none
BGG_QOSDA	NODE_143_length_235838_cov_22.8	NRPS-like	Yes	43932	86784	42854	36	none
BGG_QOSDA	NODE_147_length_231959_cov_63.1	Terpene	Yes	67010	87843	20835	21	none
BGG_QOSDA	NODE_148_length_231255_cov_123.2	RRE-containing	Yes	87524	107793	20271	38	none
BGG_QOSDA	NODE_14_length_573159_cov_69.7	Ranthipeptide	Yes	136415	158097	21684	19	none
BGG_QOSDA	NODE_152_length_229364_cov_220.3	RRE-containing	Yes	188825	209202	20379	15	none
BGG_QOSDA	NODE_156_length_227231_cov_29.5	Betalactone	Yes	42485	73747	31264	25	none
BGG_QOSDA	NODE_1575_length_62856_cov_275.0	Betalactone	Yes	18094	49059	30967	19	none
BGG_QOSDA	NODE_1598_length_62343_cov_16.7	RRE-containing	Yes	35435	55722	20289	14	none
BGG_QOSDA	NODE_1613_length_61947_cov_39.1	CDPS	Yes	3620	24309	20691	21	none
BGG_QOSDA	NODE_163_length_221965_cov_99.0	NRPS-like	Yes	12138	54657	42521	36	none
BGG_QOSDA	NODE_1671_length_60682_cov_1301.5	Betalactone	Yes	20781	50855	30076	30	none
BGG_QOSDA	NODE_1737_length_58916_cov_97.9	NRPS-like	Yes	10119	52785	42668	30	none
BGG_QOSDA	NODE_1850_length_56860_cov_110.0	NRPS	Yes	5804	50138	44336	32	none
BGG_QOSDA	NODE_185_length_211917_cov_33.7	Terpene	Yes	151636	172505	20871	21	none
BGG_QOSDA	NODE_186_length_211391_cov_68.5	Betalactone	Yes	69872	94214	24344	23	none
BGG_QOSDA	NODE_1894_length_55853_cov_32.7	Ladderane	Yes	10691	52877	42188	34	none
BGG_QOSDA	NODE_198_length_206876_cov_114.8	HglE-KS	Yes	96901	142162	45263	42	none
BGG_QOSDA	NODE_1_length_897870_cov_159.0	Ranthipeptide	Yes	601306	622657	21353	52	none
BGG_QOSDA	NODE_206_length_202857_cov_21.9	Ranthipeptide	Yes	161630	183199	21571	21	none
BGG_QOSDA	NODE_2072_length_52430_cov_28.4	Terpene	Yes	13366	39142	25778	24	none
BGG_QOSDA	NODE_2177_length_50730_cov_37.5	Lassopeptide	Yes	18016	43266	25252	24	none
BGG_QOSDA	NODE_217_length_198523_cov_26.1	RRE-containing	Yes	49334	69573	20241	14	none
BGG_QOSDA	NODE_2182_length_50617_cov_32.0	RRE-containing	Yes	29359	49598	20241	33	none
BGG_QOSDA	NODE_236_length_193097_cov_29.9	RRE-containing	Yes	128932	150071	21141	24	none
BGG_QOSDA	NODE_2371_length_47496_cov_319.4	Terpene	Yes	11329	33260	21933	19	none
BGG_QOSDA	NODE_2426_length_46739_cov_424.1	Resorcinol	Yes	1965	43086	41123	36	none
BGG_QOSDA	NODE_246_length_187509_cov_83.3	Betalactone	Yes	114913	146344	31433	32	none
BGG_QOSDA	NODE_252_length_185761_cov_281.9	NRPS-like	Yes	140584	182629	42047	30	none
BGG_QOSDA	NODE_259_length_183317_cov_78.5	Phosphonate	Yes	105984	134026	28044	25	none
BGG_QOSDA	NODE_267_length_181003_cov_36.5	T3PKS	Yes	30636	71823	41189	29	none
BGG_QOSDA	NODE_2690_length_43692_cov_21.3	NRPS-like	Yes	765	42528	41765	31	none
BGG_QOSDA	NODE_2705_length_43505_cov_71.3	RRE-containing	Yes	2929	23192	20265	19	none
BGG_QOSDA	NODE_2725_length_43278_cov_21.2	RRE-containing	Yes	843	21265	20424	13	none
BGG_QOSDA	NODE_272_length_177833_cov_295.9	Terpene	Yes	51427	72299	20874	25	none
BGG_QOSDA	NODE_27_length_475936_cov_30.2	Ranthipeptide	Yes	344786	366520	21736	19	none
BGG_QOSDA	NODE_281_length_175798_cov_23.4	Lassopeptide	Yes	150949	173578	22631	27	none
BGG_QOSDA	NODE_284_length_174697_cov_34.0	RRE-containing	Yes	120957	141466	20511	20	none
BGG_QOSDA	NODE_2936_length_40955_cov_19.3	RRE-containing	Yes	8789	29049	20262	16	none
BGG_QOSDA	NODE_2_length_871312_cov_75.7	Ranthipeptide	Yes	319440	341067	21629	18	none
BGG_QOSDA	NODE_3015_length_40252_cov_60.9	RRE-containing	Yes	17719	37985	20268	19	none
BGG_QOSDA	NODE_3042_length_40000_cov_20.6	RRE-containing	Yes	16132	36398	20268	19	none
BGG_QOSDA	NODE_309_length_166790_cov_272.7	Resorcinol	Yes	26651	67757	41108	53	none
BGG_QOSDA	NODE_3188_length_38687_cov_23.6	RRE-containing	Yes	15583	36035	20454	12	none
BGG_QOSDA	NODE_3234_length_38264_cov_50.5	RRE-containing	Yes	13222	33470	20250	14	none
BGG_QOSDA	NODE_332_length_158976_cov_126.7	Terpene	Yes	31663	53420	21759	18	none
BGG_QOSDA	NODE_334_length_158392_cov_31.7	NRPS	Yes	89685	136710	47027	32	none
BGG_QOSDA	NODE_339_length_156710_cov_72.6	Terpene	Yes	34395	55354	20961	14	none
BGG_QOSDA	NODE_34_length_446199_cov_33.6	2dos	Yes	309459	351293	41836	30	none
BGG_QOSDA	NODE_368_length_150671_cov_48.9	Terpene	Yes	80587	102503	21918	16	none
BGG_QOSDA	NODE_375_length_149863_cov_65.9	RRE-containing	Yes	60768	81202	20436	12	none
BGG_QOSDA	NODE_379_length_149116_cov_79.2	Arylpolyene	Yes	99308	140558	41252	32	none
BGG_QOSDA	NODE_37_length_425208_cov_62.7	RRE-containing	Yes	251288	271560	20274	40	none
BGG_QOSDA	NODE_3902_length_32861_cov_17.3	RRE-containing	Yes	2485	22733	20250	20	none
BGG_QOSDA	NODE_4199_length_31074_cov_49.7	RRE-containing	Yes	892	21176	20286	15	none
BGG_QOSDA	NODE_4429_length_29731_cov_27.5	Lassopeptide	Yes	882	23438	22558	21	none
BGG_QOSDA	NODE_442_length_136311_cov_315.5	2dos	Yes	61941	83689	21750	19	none
BGG_QOSDA	NODE_446_length_135849_cov_29.2	RRE-containing	Yes	63597	84982	21387	23	none
BGG_QOSDA	NODE_4713_length_28314_cov_62.4	RRE-containing	Yes	7788	28036	20250	18	none
BGG_QOSDA	NODE_488_length_127765_cov_251.6	RRE-containing	Yes	69892	90152	20262	18	none
BGG_QOSDA	NODE_48_length_393035_cov_50.7	RiPP-like	Yes	225871	236683	10814	11	none
BGG_QOSDA	NODE_49_length_390369_cov_87.0	HglE-KS	Yes	180145	228514	48371	32	none
BGG_QOSDA	NODE_51_length_388358_cov_124.3	Lanthipeptide-class-ii	Yes	25645	48527	22884	21	none
BGG_QOSDA	NODE_527_length_121747_cov_400.2	NRPS	Yes	37339	86203	48866	38	none
BGG_QOSDA	NODE_530_length_121492_cov_596.8	HglE-KS	Yes	28078	73270	45194	34	none
BGG_QOSDA	NODE_532_length_121294_cov_74.0	T1PKS	Yes	56385	105717	49334	34	none
BGG_QOSDA	NODE_536_length_120778_cov_532.7	T1PKS	Yes	38746	88603	49859	25	none
BGG_QOSDA	NODE_53_length_378355_cov_66.9	Terpene	Yes	68665	90512	21849	16	none
BGG_QOSDA	NODE_54_length_373359_cov_87.6	Phosphonate	Yes	15448	43377	27931	25	none
BGG_QOSDA	NODE_550_length_119219_cov_49.1	RRE-containing	Yes	83179	103466	20289	17	none
BGG_QOSDA	NODE_551_length_119123_cov_123.1	NRPS-like	Yes	59005	103306	44303	33	none
BGG_QOSDA	NODE_554_length_118839_cov_38.3	NRPS-like	Yes	54076	96268	42194	28	none
BGG_QOSDA	NODE_5602_length_24731_cov_52.9	NRPS-like	Yes	20	19622	19604	13	none
BGG_QOSDA	NODE_5901_length_23639_cov_18.1	RRE-containing	Yes	2939	23223	20286	17	none
BGG_QOSDA	NODE_59_length_357026_cov_699.5	T1PKS	Yes	304271	351884	47615	43	none
BGG_QOSDA	NODE_606_length_113031_cov_360.0	RRE-containing	Yes	47189	67452	20265	22	none
BGG_QOSDA	NODE_642_length_110152_cov_330.9	Terpene	Yes	74694	96487	21795	15	none
BGG_QOSDA	NODE_643_length_110146_cov_558.2	Terpene	Yes	78723	99658	20937	14	none
BGG_QOSDA	NODE_644_length_110120_cov_36.7	Terpene	Yes	20773	41606	20835	19	none
BGG_QOSDA	NODE_657_length_108839_cov_31.6	Betalactone	Yes	62659	90697	28040	22	none
BGG_QOSDA	NODE_678_length_106945_cov_36.7	Terpene	Yes	47816	69636	21822	23	none
BGG_QOSDA	NODE_67_length_339612_cov_124.2	RRE-containing	Yes	210883	231146	20265	22	none
BGG_QOSDA	NODE_68_length_339389_cov_132.3	RiPP-like	Yes	15381	27564	12185	13	none
BGG_QOSDA	NODE_698_length_104338_cov_381.9	RiPP-like	Yes	73467	85635	12170	14	none
BGG_QOSDA	NODE_720_length_102677_cov_47.9	Terpene	Yes	18863	39804	20943	14	none
BGG_QOSDA	NODE_740_length_100984_cov_28.5	T1PKS	Yes	36364	86224	49862	26	none
BGG_QOSDA	NODE_795_length_95658_cov_51.2	RRE-containing	Yes	69914	90282	20370	16	none
BGG_QOSDA	NODE_844_length_92566_cov_60.6	RRE-containing	Yes	39775	60029	20256	16	none
BGG_QOSDA	NODE_869_length_90637_cov_110.3	HglE-KS	Yes	23218	68416	45200	35	none
BGG_QOSDA	NODE_900_length_88987_cov_218.6	Cyclic-lactone-autoinducer	Yes	55425	76163	20740	17	none
BGG_QOSDA	NODE_902_length_88891_cov_29.0	T3PKS	Yes	9868	51088	41222	29	none
BGG_QOSDA	NODE_907_length_88641_cov_37.9	NRPS-like	Yes	5320	48862	43544	32	none
BGG_QOSDA	NODE_91_length_300484_cov_43.3	Terpene	Yes	111005	132981	21978	18	none
BGG_QOSDA	NODE_957_length_85493_cov_249.6	Ranthipeptide	Yes	22242	43826	21586	15	none
BGG_QOSDA	NODE_973_length_84835_cov_168.0	Ranthipeptide	Yes	10361	50767	40408	29	none
BGG_QOSDA	NODE_97_length_294726_cov_68.1	Ranthipeptide	Yes	191089	217267	26180	21	none
BGG_KOSDC	NODE_11242_length_11878_cov_21.5	NRPS-like	Yes	5	11622	11619	6	none
BGG_KOSDC	NODE_120_length_110043_cov_34.4	Lanthipeptide-class-iv	Yes	66744	89362	22620	15	none
BGG_KOSDC	NODE_13_length_258724_cov_31.9	NRPS-like	Yes	20801	63557	42758	37	none
BGG_KOSDC	NODE_147_length_102386_cov_32.1	RRE-containing	Yes	18591	38902	20313	19	none
BGG_KOSDC	NODE_159_length_99694_cov_36.8	Betalactone	Yes	12217	40226	28011	25	none
BGG_KOSDC	NODE_163_length_98255_cov_33.8	T1PKS	Yes	14360	64636	50278	25	none
BGG_KOSDC	NODE_18958_length_9024_cov_14.9	NRPS-like	Yes	1542	8995	7455	4	none
BGG_KOSDC	NODE_1_length_742978_cov_35.6	Ranthipeptide	Yes	568018	589463	21447	21	none
BGG_KOSDC	NODE_202_length_89381_cov_37.0	Redox-cofactor	Yes	18511	40683	22174	19	none
BGG_KOSDC	NODE_206_length_88676_cov_17.8	Arylpolyene	Yes	37391	78605	41216	37	none
BGG_KOSDC	NODE_20_length_234683_cov_29.4	RRE-containing	Yes	178817	208610	29795	23	none
BGG_KOSDC	NODE_219_length_86296_cov_34.8	Terpene	Yes	35082	56134	21054	18	none
BGG_KOSDC	NODE_223_length_85852_cov_34.5	Proteusin	Yes	26708	47037	20331	17	none
BGG_KOSDC	NODE_22_length_225895_cov_28.5	T3PKS	Yes	149792	190862	41072	31	none
BGG_KOSDC	NODE_242_length_82192_cov_35.3	Lassopeptide	Yes	33365	58126	24763	22	none
BGG_KOSDC	NODE_251_length_81121_cov_34.2	Microviridin	Yes	45903	66985	21084	16	none
BGG_KOSDC	NODE_269_length_78852_cov_38.2	Hserlactone	Yes	46284	66910	20628	19	none
BGG_KOSDC	NODE_2_length_439470_cov_34.1	Terpene	Yes	313118	334813	21697	22	none
BGG_KOSDC	NODE_307_length_72728_cov_11.5	Lassopeptide	Yes	14659	37054	22397	17	none
BGG_KOSDC	NODE_339_length_69252_cov_38.3	NAPAA	Yes	31366	65490	34126	31	none
BGG_KOSDC	NODE_38_length_178019_cov_39.7	NI-siderophore	Yes	100213	113675	13464	12	none
BGG_KOSDC	NODE_39_length_176869_cov_19.5	RRE-containing	Yes	732	21010	20280	12	none
BGG_KOSDC	NODE_410_length_62139_cov_40.4	T3PKS	Yes	7313	48380	41069	35	none
BGG_KOSDC	NODE_432_length_60742_cov_36.2	Terpene	Yes	27997	49967	21972	14	none
BGG_KOSDC	NODE_46_length_167104_cov_17.8	NAGGN	Yes	54116	68868	14754	11	none
BGG_KOSDC	NODE_491_length_57034_cov_39.0	Terpene	Yes	21228	42079	20853	22	none
BGG_KOSDC	NODE_538_length_54894_cov_12.5	RRE-containing	Yes	25622	45903	20283	34	none
BGG_KOSDC	NODE_55066_length_5173_cov_10.2	NRPS-like	Yes	347	5160	4815	3	none
BGG_KOSDC	NODE_60818_length_4909_cov_6.1	NRPS-like	Yes	127	3708	3583	2	none
BGG_KOSDC	NODE_678_length_49642_cov_178.0	NRPS-like	Yes	661	45754	45095	40	none
BGG_KOSDC	NODE_687_length_49360_cov_9.5	T3PKS	Yes	287	41363	41078	34	none
BGG_KOSDC	NODE_706_length_48561_cov_17.6	Lassopeptide	Yes	18633	47673	29042	28	none
BGG_KOSDC	NODE_732_length_47632_cov_10.8	Lassopeptide	Yes	13839	39880	26043	24	none
BGG_KOSDC	NODE_792_length_45581_cov_35.8	RiPP-like	Yes	15856	27625	11771	12	none
BGG_KOSDC	NODE_83_length_131710_cov_23.4	T3PKS	Yes	66201	107295	41096	31	none
BGG_KOSDC	NODE_863_length_43720_cov_10.9	Lassopeptide	Yes	1270	22855	21587	19	none
BGG_KOSDC	NODE_8_length_281281_cov_39.6	Redox-cofactor	Yes	121093	143262	22171	23	none
BGG_KOSDC	NODE_91_length_126006_cov_176.4	Ranthipeptide	Yes	65096	86672	21578	22	none
BGG_KOSDC	NODE_94_length_124821_cov_20.4	Ranthipeptide	Yes	92143	113705	21564	21	none
BGG_NOSDA	NODE_1025_length_40765_cov_31.9	RRE-containing	Yes	11468	31731	20265	16	none
BGG_NOSDA	NODE_1036_length_40401_cov_192.5	Betalactone	Yes	971	24991	24022	22	none
BGG_NOSDA	NODE_120_length_100711_cov_61.3	Ranthipeptide	Yes	39101	61655	22556	19	none
BGG_NOSDA	NODE_190_length_84421_cov_35.5	Betalactone	Yes	5310	32623	27315	25	none
BGG_NOSDA	NODE_2374_length_26742_cov_17.0	Betalactone	Yes	795	23912	23119	22	none
BGG_NOSDA	NODE_246_length_76963_cov_149.3	Redox-cofactor	Yes	22674	44818	22146	23	none
BGG_NOSDA	NODE_2538_length_25769_cov_30.9	NRPS-like	Yes	196	25592	25398	16	none
BGG_NOSDA	NODE_269_length_74408_cov_32.5	RiPP-like	Yes	39244	50056	10814	15	none
BGG_NOSDA	NODE_314_length_70194_cov_62.9	CDPS	Yes	24046	44723	20679	17	none
BGG_NOSDA	NODE_31_length_152542_cov_45.1	RRE-containing	Yes	98886	119305	20421	13	none
BGG_NOSDA	NODE_402_length_62521_cov_62.3	NRPS-like	Yes	13490	56216	42728	40	none
BGG_NOSDA	NODE_49_length_139997_cov_353.9	Ranthipeptide	Yes	28195	50120	21927	19	none
BGG_NOSDA	NODE_556_length_53637_cov_200.9	RRE-containing	Yes	2061	22348	20289	14	none
BGG_NOSDA	NODE_595_length_52098_cov_100.8	Redox-cofactor	Yes	17110	39248	22140	22	none
BGG_NOSDA	NODE_60_length_123004_cov_31.5	NRPS-like	Yes	67724	111026	43304	36	none
BGG_NOSDA	NODE_617_length_51521_cov_62.8	RRE-containing	Yes	22595	43443	20850	19	none
BGG_NOSDA	NODE_640_length_50587_cov_38.3	Betalactone	Yes	23032	50100	27070	21	none
BGG_NOSDA	NODE_6444_length_14984_cov_23.6	NRPS-like	Yes	153	14894	14743	12	none
BGG_NOSDA	NODE_825_length_44712_cov_32.0	RRE-containing	Yes	15158	35574	20418	11	none
BGG_MOSDA	NODE_107_length_96649_cov_27.9	RRE-containing	Yes	41692	62894	21204	20	none
BGG_MOSDA	NODE_1097_length_40624_cov_18.7	RRE-containing	Yes	14570	34869	20301	22	none
BGG_MOSDA	NODE_11986_length_12961_cov_10.4	NRPS-like	Yes	486	12371	11887	6	none
BGG_MOSDA	NODE_126_length_91357_cov_41.9	Terpene	Yes	53143	74971	21830	16	none
BGG_MOSDA	NODE_13_length_195332_cov_16.7	Lassopeptide	Yes	1304	24784	23482	22	none
BGG_MOSDA	NODE_142_length_87064_cov_27.3	RiPP-like	Yes	47795	59654	11861	41	none
BGG_MOSDA	NODE_159_length_83710_cov_24.6	Redox-cofactor	Yes	28376	50520	22146	23	none
BGG_MOSDA	NODE_176_length_81128_cov_16.7	NRPS-like	Yes	26072	68600	42530	50	none
BGG_MOSDA	NODE_186_length_79768_cov_25.0	T3PKS	Yes	8406	49509	41105	43	none
BGG_MOSDA	NODE_241_length_70375_cov_16.0	Ranthipeptide	Yes	30346	50531	20187	21	none
BGG_MOSDA	NODE_247_length_69598_cov_27.8	Terpene	Yes	22069	42848	20781	25	none
BGG_MOSDA	NODE_2529_length_27556_cov_11.8	Lassopeptide	Yes	2628	24942	22316	19	none
BGG_MOSDA	NODE_260_length_68401_cov_55.8	Betalactone	Yes	563	31068	30507	29	none
BGG_MOSDA	NODE_300_length_64830_cov_28.7	Betalactone	Yes	4334	31524	27192	29	none
BGG_MOSDA	NODE_335_length_63180_cov_21.1	Terpene	Yes	27255	48301	21048	29	none
BGG_MOSDA	NODE_343_length_62650_cov_79.0	RRE-containing	Yes	5189	25464	20277	20	none
BGG_MOSDA	NODE_3541_length_23580_cov_38.3	NRPS-like	Yes	257	18288	18033	11	none
BGG_MOSDA	NODE_358_length_61738_cov_17.0	RRE-containing	Yes	10079	34829	24752	20	none
BGG_MOSDA	NODE_36_length_138542_cov_24.1	NRPS-like	Yes	61893	104526	42635	36	none
BGG_MOSDA	NODE_407_length_58851_cov_177.6	Betalactone	Yes	95	31344	31251	32	none
BGG_MOSDA	NODE_418_length_58145_cov_16.0	Lassopeptide	Yes	17694	39972	22280	24	none
BGG_MOSDA	NODE_41_length_129389_cov_16.8	NRPS-like	Yes	16996	59554	42560	30	none
BGG_MOSDA	NODE_45_length_126102_cov_49.8	Terpene	Yes	77806	98708	20904	56	none
BGG_MOSDA	NODE_508_length_53697_cov_17.6	NRPS-like	Yes	6333	49158	42827	48	none
BGG_MOSDA	NODE_520_length_53122_cov_23.1	Ranthipeptide	Yes	14831	36402	21573	23	none
BGG_MOSDA	NODE_524_length_52967_cov_37.9	RRE-containing	Yes	24161	45387	21228	23	none
BGG_MOSDA	NODE_532_length_52643_cov_84.7	NRPS-like	Yes	4670	46418	41750	37	none
BGG_MOSDA	NODE_554_length_52021_cov_63.8	Betalactone	Yes	772	33280	32510	29	none
BGG_MOSDA	NODE_608_length_50448_cov_13.6	RRE-containing	Yes	14601	34885	20286	14	none
BGG_MOSDA	NODE_60_length_116912_cov_40.2	Arylpolyene	Yes	29116	70333	41219	36	none
BGG_MOSDA	NODE_6777_length_17335_cov_22.8	NRPS-like	Yes	825	17196	16373	8	none
BGG_MOSDA	NODE_76_length_107929_cov_41.6	T3PKS	Yes	11058	52131	41075	37	none
BGG_MOSDA	NODE_772_length_45846_cov_14.4	RRE-containing	Yes	17949	38236	20289	17	none
BGG_MOSDA	NODE_865_length_44209_cov_13.1	Betalactone	Yes	5061	30476	25417	21	none
BGG_MOSDA	NODE_92_length_103337_cov_41.4	NAGGN	Yes	12962	27814	14854	12	none
BGG_MOSDA	NODE_946_length_42879_cov_37.6	NRPS-like	Yes	228	28218	27992	16	none
BGG_ROSDA	NODE_1103_length_51050_cov_31.2	RRE-containing	Yes	7212	27771	20561	29	none
BGG_ROSDA	NODE_1146_length_50095_cov_31.3	Betalactone	Yes	21220	48288	27070	22	none
BGG_ROSDA	NODE_117_length_146272_cov_32.2	NAGGN	Yes	10500	25132	14634	13	none
BGG_ROSDA	NODE_1257_length_47606_cov_96.3	RRE-containing	Yes	2061	22348	20289	14	none
BGG_ROSDA	NODE_134_length_138076_cov_27.7	Terpene	Yes	46129	68172	22045	17	none
BGG_ROSDA	NODE_143_length_135829_cov_110.7	Terpene	Yes	88635	109687	21054	20	none
BGG_ROSDA	NODE_144_length_135535_cov_110.3	T3PKS	Yes	56703	97752	41051	41	none
BGG_ROSDA	NODE_155_length_129435_cov_23.1	RRE-containing	Yes	49312	69692	20382	12	none
BGG_ROSDA	NODE_1667_length_40350_cov_89.2	Betalactone	Yes	15402	39422	24022	22	none
BGG_ROSDA	NODE_2027_length_35641_cov_14.3	Lassopeptide	Yes	7883	35435	27554	16	none
BGG_ROSDA	NODE_2071_length_35237_cov_25.4	CDPS	Yes	3788	24393	20607	21	none
BGG_ROSDA	NODE_20_length_298984_cov_108.8	Terpene	Yes	139391	162951	23562	21	none
BGG_ROSDA	NODE_21_length_293147_cov_110.3	T1PKS	Yes	243272	290333	47063	66	none
BGG_ROSDA	NODE_2254_length_33371_cov_25.2	RRE-containing	Yes	2768	23187	20421	14	none
BGG_ROSDA	NODE_242_length_103398_cov_19.2	Thioamitides	Yes	46509	68343	21836	21	none
BGG_ROSDA	NODE_2431_length_32011_cov_49.4	RRE-containing	Yes	10881	31297	20418	15	none
BGG_ROSDA	NODE_246_length_102419_cov_47.6	HglE-KS	Yes	20450	65345	44897	30	none
BGG_ROSDA	NODE_324_length_91690_cov_29.2	RRE-containing	Yes	63787	84239	20454	9	none
BGG_ROSDA	NODE_365_length_87625_cov_28.1	Terpene	Yes	11655	33610	21957	17	none
BGG_ROSDA	NODE_3686_length_24559_cov_38.6	RRE-containing	Yes	1208	21990	20784	20	none
BGG_ROSDA	NODE_369_length_87128_cov_20.3	RRE-containing	Yes	64182	84406	20226	22	none
BGG_ROSDA	NODE_374_length_86785_cov_109.0	RiPP-like	Yes	43509	55542	12035	10	none
BGG_ROSDA	NODE_396_length_84150_cov_105.9	RRE-containing	Yes	40938	66676	25740	22	none
BGG_ROSDA	NODE_426_length_81942_cov_109.1	Thioamitides	Yes	22801	45506	22707	19	none
BGG_ROSDA	NODE_432_length_81284_cov_30.7	RiPP-like	Yes	49758	61650	11894	9	none
BGG_ROSDA	NODE_448_length_80695_cov_109.2	RiPP-like	Yes	23502	35757	12257	6	none
BGG_ROSDA	NODE_4675_length_20980_cov_11.9	RRE-containing	Yes	438	20830	20394	10	none
BGG_ROSDA	NODE_491_length_77225_cov_20.0	Nucleoside	Yes	43404	64357	20955	15	none
BGG_ROSDA	NODE_51_length_220890_cov_17.9	T3PKS	Yes	80169	121188	41021	33	none
BGG_ROSDA	NODE_533_length_74782_cov_22.8	NI-siderophore	Yes	27144	38907	11765	7	none
BGG_ROSDA	NODE_57_length_205201_cov_109.9	Ectoine	Yes	51674	62054	10382	9	none
BGG_ROSDA	NODE_585_length_71329_cov_40.0	RiPP-like	Yes	27113	38969	11858	12	none
BGG_ROSDA	NODE_598_length_70549_cov_89.3	NRPS-like	Yes	15875	60734	44861	33	none
BGG_ROSDA	NODE_603_length_70165_cov_23.3	RiPP-like	Yes	39724	51559	11837	10	none
BGG_ROSDA	NODE_606_length_70002_cov_60.9	CDPS	Yes	23854	44531	20679	17	none
BGG_ROSDA	NODE_65_length_193607_cov_105.5	Ranthipeptide	Yes	91991	113547	21558	21	none
BGG_ROSDA	NODE_664_length_66771_cov_108.1	T1PKS	Yes	1682	51116	49436	15	none
BGG_ROSDA	NODE_678_length_66021_cov_111.5	Terpene	Yes	13457	34362	20907	18	none
BGG_ROSDA	NODE_74_length_181771_cov_17.2	Terpene	Yes	117843	138934	21093	24	none
BGG_ROSDA	NODE_754_length_62540_cov_17.1	RRE-containing	Yes	3649	23945	20298	21	none
BGG_ROSDA	NODE_75_length_181575_cov_110.7	Arylpolyene	Yes	108822	151104	42284	32	none
BGG_ROSDA	NODE_82_length_166456_cov_109.9	NRPS	Yes	106904	150326	43424	41	none
BGG_ROSDA	NODE_84_length_164977_cov_17.8	NRPS-like	Yes	4851	47541	42692	39	none
BGG_ROSDA	NODE_95_length_157245_cov_34.7	Ranthipeptide	Yes	90617	112001	21386	19	none
BGG_ROSDA	NODE_99_length_156043_cov_58.5	RRE-containing	Yes	32427	52717	20292	17	none
BGG_LOSDA	NODE_1071_length_49341_cov_36.4	Hserlactone	Yes	10757	31578	20823	21	none
BGG_LOSDA	NODE_1092_length_49045_cov_24.0	RRE-containing	Yes	19648	39929	20283	17	none
BGG_LOSDA	NODE_111_length_139117_cov_42.4	Ranthipeptide	Yes	78454	101249	22797	22	none
BGG_LOSDA	NODE_125_length_133039_cov_105.2	T1PKS	Yes	1044	47931	46889	31	none
BGG_LOSDA	NODE_1404_length_42442_cov_62.1	RRE-containing	Yes	833	21249	20418	15	none
BGG_LOSDA	NODE_147_length_125157_cov_142.6	Ranthipeptide	Yes	53957	75513	21558	21	none
BGG_LOSDA	NODE_1514_length_40648_cov_111.1	Betalactone	Yes	15658	39678	24022	22	none
BGG_LOSDA	NODE_162_length_120081_cov_107.5	NRPS-like	Yes	59800	102274	42476	35	none
BGG_LOSDA	NODE_168_length_118903_cov_30.1	Terpene	Yes	15873	36811	20940	22	none
BGG_LOSDA	NODE_1_length_415134_cov_73.8	T1PKS	Yes	294919	346204	51287	27	none
BGG_LOSDA	NODE_228_length_106019_cov_62.0	NRPS-like	Yes	318	34352	34036	14	none
BGG_LOSDA	NODE_230_length_105780_cov_32.6	Acyl_amino_acids	Yes	30513	91379	60868	45	none
BGG_LOSDA	NODE_234_length_105508_cov_71.1	NRPS-like	Yes	20200	63616	43418	36	none
BGG_LOSDA	NODE_238_length_104741_cov_45.4	RRE-containing	Yes	78291	98926	20637	26	none
BGG_LOSDA	NODE_270_length_98077_cov_46.8	RiPP-like	Yes	36479	48371	11894	10	none
BGG_LOSDA	NODE_275_length_96964_cov_58.6	Arylpolyene	Yes	20315	63896	43583	51	none
BGG_LOSDA	NODE_2973_length_26844_cov_20.5	RRE-containing	Yes	6449	26721	20274	22	none
BGG_LOSDA	NODE_30_length_215123_cov_57.6	Terpene	Yes	83804	104766	20964	11	none
BGG_LOSDA	NODE_340_length_89105_cov_20.1	RiPP-like	Yes	15048	26904	11858	12	none
BGG_LOSDA	NODE_4189_length_21447_cov_31.5	NRPS-like	Yes	287	21433	21148	15	none
BGG_LOSDA	NODE_466_length_76369_cov_25.5	Ranthipeptide	Yes	23319	45614	22297	19	none
BGG_LOSDA	NODE_4_length_316992_cov_26.5	Terpene	Yes	216233	238237	22006	31	none
BGG_LOSDA	NODE_505_length_73832_cov_37.9	NRPS-like	Yes	1539	44073	42536	41	none
BGG_LOSDA	NODE_516_length_73133_cov_33.5	Ectoine	Yes	39539	49922	10385	9	none
BGG_LOSDA	NODE_517_length_72920_cov_25.3	NRPS-like	Yes	22681	66652	43973	35	none
BGG_LOSDA	NODE_561_length_69847_cov_40.4	RiPP-like	Yes	33844	44965	11123	12	none
BGG_LOSDA	NODE_5_length_294783_cov_26.5	RRE-containing	Yes	107312	127764	20454	9	none
BGG_LOSDA	NODE_6_length_286289_cov_106.4	Resorcinol	Yes	173799	214938	41141	70	none
BGG_LOSDA	NODE_72_length_159000_cov_62.0	RRE-containing	Yes	91415	111864	20451	23	none
BGG_LOSDA	NODE_81_length_157041_cov_329.7	Terpene	Yes	23827	44762	20937	17	none
BGG_LOSDA	NODE_824_length_56438_cov_19.3	Betalactone	Yes	16603	47135	30534	24	none
BGG_LOSDA	NODE_863_length_55286_cov_16.5	RRE-containing	Yes	13085	33501	20418	12	none
BGG_LOSDA	NODE_876_length_54979_cov_240.3	Ranthipeptide	Yes	21027	42952	21927	19	none
BGG_LOSDA	NODE_925_length_53761_cov_118.1	RRE-containing	Yes	2061	22348	20289	14	none
BGG_LOSDA	NODE_94_length_148229_cov_68.2	Thiopeptide	Yes	24754	53019	28267	31	none
BGG_LOSDA	NODE_963_length_52356_cov_20.6	RRE-containing	Yes	6648	26977	20331	10	none
BGG_BOSW	NODE_1007_length_54730_cov_40.8	RRE-containing	Yes	1124	21558	20436	15	none
BGG_BOSW	NODE_107_length_237174_cov_27.3	NRPS-like	Yes	44213	88940	44729	55	none
BGG_BOSW	NODE_109_length_235236_cov_41.3	HglE-KS	Yes	45286	92518	47234	33	none
BGG_BOSW	NODE_121_length_221953_cov_59.6	NRPS-like	Yes	453	43002	42551	47	none
BGG_BOSW	NODE_1240_length_48352_cov_23.0	Terpene	Yes	10306	31289	20985	23	none
BGG_BOSW	NODE_125_length_219395_cov_14.9	Terpene	Yes	67658	88560	20904	25	none
BGG_BOSW	NODE_147_length_197417_cov_40.2	T1PKS	Yes	11679	58938	47261	28	none
BGG_BOSW	NODE_14_length_574643_cov_26.9	Ladderane	Yes	82506	123765	41261	34	none
BGG_BOSW	NODE_152_length_194626_cov_52.3	Betalactone	Yes	75924	109150	33228	30	none
BGG_BOSW	NODE_167_length_181011_cov_374.5	T3PKS	Yes	14728	55780	41054	37	none
BGG_BOSW	NODE_169_length_178094_cov_14.2	Terpene	Yes	79814	100650	20838	19	none
BGG_BOSW	NODE_16_length_565028_cov_25.5	RRE-containing	Yes	520747	541022	20277	19	none
BGG_BOSW	NODE_175_length_175739_cov_12.1	T3PKS	Yes	52760	93833	41075	44	none
BGG_BOSW	NODE_18_length_534598_cov_27.6	NRPS	Yes	371651	428022	56373	36	none
BGG_BOSW	NODE_206_length_163276_cov_13.2	Resorcinol	Yes	120690	161832	41144	43	none
BGG_BOSW	NODE_215_length_155406_cov_18.0	T1PKS	Yes	87225	132426	45203	31	none
BGG_BOSW	NODE_22_length_501080_cov_28.1	RiPP-like	Yes	136728	151449	14723	30	none
BGG_BOSW	NODE_23_length_474507_cov_30.6	Terpene	Yes	45840	67006	21168	17	none
BGG_BOSW	NODE_26_length_434190_cov_27.9	CDPS	Yes	10839	31552	20715	21	none
BGG_BOSW	NODE_271_length_133705_cov_21.5	Betalactone	Yes	11548	44783	33237	27	none
BGG_BOSW	NODE_281_length_130591_cov_13.4	Ladderane	Yes	75260	116459	41201	39	none
BGG_BOSW	NODE_2956_length_25035_cov_21.2	Lassopeptide	Yes	1011	23516	22507	20	none
BGG_BOSW	NODE_2_length_1233783_cov_14.7	Terpene	Yes	935875	956687	20814	24	none
BGG_BOSW	NODE_315_length_121615_cov_14.3	RiPP-like	Yes	24868	36820	11954	9	none
BGG_BOSW	NODE_322_length_119925_cov_40.1	T3PKS	Yes	64157	105188	41033	31	none
BGG_BOSW	NODE_354_length_112703_cov_11.9	Arylpolyene	Yes	52090	93271	41183	35	none
BGG_BOSW	NODE_35_length_376612_cov_29.9	Lanthipeptide-class-ii	Yes	26710	49694	22986	18	none
BGG_BOSW	NODE_368_length_109748_cov_10.2	Arylpolyene	Yes	16443	77090	60649	67	none
BGG_BOSW	NODE_370_length_109691_cov_15.4	T1PKS	Yes	57974	105296	47324	30	none
BGG_BOSW	NODE_372_length_108969_cov_19.3	Resorcinol	Yes	521	41609	41090	29	none
BGG_BOSW	NODE_38_length_360935_cov_30.3	Terpene	Yes	75163	96002	20841	20	none
BGG_BOSW	NODE_397_length_106206_cov_17.0	LAP	Yes	20253	42397	22146	21	none
BGG_BOSW	NODE_3_length_1096596_cov_16.9	Terpene	Yes	734664	755533	20871	45	none
BGG_BOSW	NODE_402_length_104505_cov_10.9	Terpene	Yes	45964	66797	20835	18	none
BGG_BOSW	NODE_40_length_354429_cov_380.4	Resorcinol	Yes	63117	104250	41135	47	none
BGG_BOSW	NODE_431_length_99736_cov_13.3	LAP	Yes	64227	86493	22268	53	none
BGG_BOSW	NODE_455_length_96663_cov_14.3	Betalactone	Yes	26720	59360	32642	37	none
BGG_BOSW	NODE_460_length_96040_cov_54.0	Redox-cofactor	Yes	28778	51490	22714	27	none
BGG_BOSW	NODE_473_length_92410_cov_18.4	NRPS-like	Yes	28778	71387	42611	33	none
BGG_BOSW	NODE_489_length_90375_cov_14.1	T3PKS	Yes	13974	55026	41054	30	none
BGG_BOSW	NODE_492_length_90224_cov_25.4	Terpene	Yes	58508	79449	20943	20	none
BGG_BOSW	NODE_4_length_1094555_cov_32.0	Terpene	Yes	631180	652067	20889	27	none
BGG_BOSW	NODE_517_length_87492_cov_13.7	T3PKS	Yes	35135	76235	41102	40	none
BGG_BOSW	NODE_529_length_86187_cov_10.2	Terpene	Yes	11193	32029	20838	19	none
BGG_BOSW	NODE_52_length_322414_cov_60.5	Arylpolyene	Yes	153687	203275	49590	34	none
BGG_BOSW	NODE_549_length_83598_cov_14.6	Other	Yes	3179	43613	40436	33	none
BGG_BOSW	NODE_54_length_318778_cov_14.5	RRE-containing	Yes	289320	309724	20406	22	none
BGG_BOSW	NODE_555_length_83330_cov_17.9	Betalactone	Yes	40264	64342	24080	16	none
BGG_BOSW	NODE_55_length_318156_cov_12.8	RRE-containing	Yes	277624	297893	20271	18	none
BGG_BOSW	NODE_57_length_316419_cov_13.5	Terpene	Yes	56970	77806	20838	61	none
BGG_BOSW	NODE_5_length_1076735_cov_46.2	Terpene	Yes	665901	686842	20943	24	none
BGG_BOSW	NODE_604_length_78369_cov_14.8	Betalactone	Yes	36846	60695	23851	23	none
BGG_BOSW	NODE_62_length_303933_cov_30.0	Betalactone	Yes	111653	142077	30426	40	none
BGG_BOSW	NODE_663_length_72947_cov_13.5	Arylpolyene	Yes	3061	72642	69583	68	none
BGG_BOSW	NODE_66_length_298715_cov_27.5	Redox-cofactor	Yes	197835	219983	22150	22	none
BGG_BOSW	NODE_674_length_72248_cov_19.4	Terpene	Yes	17663	39879	22218	15	none
BGG_BOSW	NODE_68_length_296509_cov_26.5	Terpene	Yes	70755	91573	20820	24	none
BGG_BOSW	NODE_718_length_68690_cov_27.9	Phosphonate	Yes	22484	38142	15660	12	none
BGG_BOSW	NODE_73_length_286024_cov_26.7	NRPS	Yes	203346	275273	71929	45	none
BGG_BOSW	NODE_749_length_66295_cov_17.9	LAP	Yes	26345	48482	22139	30	none
BGG_BOSW	NODE_77_length_279201_cov_26.9	Ladderane	Yes	50071	92314	42245	37	none
BGG_BOSW	NODE_7986_length_11776_cov_76.4	NRPS-like	Yes	41	11639	11600	2	none
BGG_BOSW	NODE_7987_length_11775_cov_50.0	NRPS-like	Yes	41	11638	11599	2	none
BGG_BOSW	NODE_876_length_59267_cov_18.6	T3PKS	Yes	15703	56911	41210	28	none
BGG_BOSW	NODE_881_length_59096_cov_13.5	Lassopeptide	Yes	2882	28135	25255	25	none
BGG_BOSW	NODE_95_length_255700_cov_17.0	RRE-containing	Yes	131800	152123	20325	18	none
BGG_BOSW	NODE_963_length_56199_cov_50.5	RRE-containing	Yes	25918	46280	20364	16	none
BGG_BOSW	NODE_96_length_255208_cov_27.0	RRE-containing	Yes	16523	36822	20301	18	none
BGG_BOSW	NODE_98_length_252425_cov_52.3	Terpene	Yes	42016	63080	21066	20	none
BGG_POSDC	NODE_100_length_82717_cov_27.3	Redox-cofactor	Yes	14582	36682	22102	26	none
BGG_POSDC	NODE_11_length_197472_cov_32.7	Terpene	Yes	78246	100090	21846	22	none
BGG_POSDC	NODE_1325_length_34117_cov_34.1	RRE-containing	Yes	12094	32354	20262	19	none
BGG_POSDC	NODE_1345_length_33916_cov_35.6	RRE-containing	Yes	4950	30837	25889	26	none
BGG_POSDC	NODE_1435_length_32949_cov_13.6	Lassopeptide	Yes	8642	32187	23547	22	none
BGG_POSDC	NODE_143_length_75796_cov_15.3	Lassopeptide	Yes	11613	38099	26488	25	none
BGG_POSDC	NODE_148_length_74771_cov_12.7	NRPS-like	Yes	10468	53074	42608	34	none
BGG_POSDC	NODE_165_length_73530_cov_17.1	NRPS	Yes	5830	56445	50617	42	none
BGG_POSDC	NODE_1715_length_30723_cov_28.4	RRE-containing	Yes	9750	30019	20271	21	none
BGG_POSDC	NODE_1753_length_30455_cov_16.8	NRPS-like	Yes	68	26971	26905	22	none
BGG_POSDC	NODE_1903_length_29639_cov_15.1	RRE-containing	Yes	8251	28649	20400	22	none
BGG_POSDC	NODE_1_length_436861_cov_23.3	LAP	Yes	354333	377676	23345	33	none
BGG_POSDC	NODE_2437_length_26890_cov_57.2	NAGGN	Yes	6540	21292	14754	11	none
BGG_POSDC	NODE_271_length_61213_cov_33.6	T3PKS	Yes	2411	43454	41045	44	none
BGG_POSDC	NODE_314_length_58554_cov_105.2	Terpene	Yes	13845	38503	24660	26	none
BGG_POSDC	NODE_32_length_123213_cov_26.3	T1PKS	Yes	10400	60425	50027	45	none
BGG_POSDC	NODE_36_length_113951_cov_15.8	Redox-cofactor	Yes	24595	46718	22125	23	none
BGG_POSDC	NODE_389_length_54505_cov_56.9	RRE-containing	Yes	27863	48462	20601	21	none
BGG_POSDC	NODE_41_length_108963_cov_27.2	Lassopeptide	Yes	53342	75274	21934	20	none
BGG_POSDC	NODE_439_length_51904_cov_49.7	Arylpolyene	Yes	8229	49446	41219	42	none
BGG_POSDC	NODE_473_length_50584_cov_12.5	T3PKS	Yes	353	41606	41255	38	none
BGG_POSDC	NODE_510_length_49552_cov_82.4	Lassopeptide	Yes	20546	43323	22779	21	none
BGG_POSDC	NODE_535_length_48880_cov_16.8	NRPS-like	Yes	22	32124	32104	19	none
BGG_POSDC	NODE_64_length_96740_cov_16.3	RRE-containing	Yes	76344	96616	20274	18	none
BGG_POSDC	NODE_98_length_83872_cov_15.5	Terpene	Yes	31532	53306	21776	24	none
